threads,layout,batch,units_per_worker,median_ns
1,shared,0,250000,773414
1,shared,64,250000,185239
1,shared,1024,250000,190189
1,separate,0,250000,734904
1,separate,64,250000,169019
1,separate,1024,250000,136639
2,shared,0,250000,9316021
2,shared,64,250000,474067
2,shared,1024,250000,196148
2,separate,0,250000,928943
2,separate,64,250000,223598
2,separate,1024,250000,187569
4,shared,0,250000,29458492
4,shared,64,250000,683165
4,shared,1024,250000,222968
4,separate,0,250000,963613
4,separate,64,250000,229738
4,separate,1024,250000,193229
8,shared,0,250000,62933353
8,shared,64,250000,735534
8,shared,1024,250000,252758
8,separate,0,250000,905264
8,separate,64,250000,238428
8,separate,1024,250000,216739
